"delta","qrpEnv","censor","tau","3PSM_10","3PSM_100","3PSM_30","3PSM_60","4PSM_10","4PSM_100","4PSM_30","4PSM_60","pcurve_10","pcurve_100","pcurve_30","pcurve_60","PEESE_10","PEESE_100","PEESE_30","PEESE_60","PET_10","PET_100","PET_30","PET_60","PETPEESE_10","PETPEESE_100","PETPEESE_30","PETPEESE_60","puniform_10","puniform_100","puniform_30","puniform_60","reMA_10","reMA_100","reMA_30","reMA_60","TF_10","TF_100","TF_30","TF_60","WAAP-WLS_10","WAAP-WLS_100","WAAP-WLS_30","WAAP-WLS_60"
0,"none","none",0,0.0300653594771242,0.0232044198895028,0.0219146482122261,0.0290178571428571,0.0324543610547667,0.0304678998911861,0.0350154479917611,0.0316455696202532,0.0523809523809524,0.0559210526315789,0.0570902394106814,0.03515625,0.05,0.045,0.051,0.061,0.051,0.047,0.048,0.067,0.049,0.047,0.04,0.057,0.0102040816326531,0.0502092050209205,0.0204081632653061,0.0160427807486631,0.033,0.044,0.037,0.046,0.0422110552763819,0.0619918699186992,0.0421377183967112,0.0591233435270133,0.044,0.05,0.043,0.054
0.2,"none","none",0,0.496822033898305,0.996728462377317,0.908904810644831,0.992631578947368,0.411943319838057,0.989059080962801,0.753846153846154,0.936775553213909,0.231055900621118,0.716,0.390562248995984,0.534,0.446,1,0.907,0.996,0.216,0.988,0.627,0.885,0.317,0.996,0.722,0.925,0.127697841726619,0.524867724867725,0.244471744471744,0.359955005624297,0.725,1,0.999,1,0.658610271903323,1,0.989878542510121,1,0.699,0.834,0.965,0.92
0.5,"none","none",0,0.936363636363636,0.998936170212766,0.996910401647786,0.998953974895398,0.94040404040404,0.996805111821086,0.988671472708548,1,0.831831831831832,1,0.993,1,0.915,1,1,1,0.665,1,0.984,1,0.767,1,0.995,1,0.647609147609148,1,0.945,0.999,0.999,1,1,1,0.997977755308392,1,1,1,0.828,1,0.935,0.995
0.8,"none","none",0,0.979859013091641,1,0.998972250770812,1,0.995971802618328,1,1,1,0.997,1,1,1,0.988,1,1,1,0.866,1,0.999,1,0.922,1,0.999,1,0.939,1,1,1,1,1,1,1,1,1,1,1,0.944,1,1,1
0,"none","none",0.2,0.0312862108922364,0.01,0.0133882595262616,0.0150451354062187,0.0536980749746707,0.014,0.0251762336354481,0.0180541624874624,0.264150943396226,0.564,0.328392246294185,0.412360688956434,0.157,0.257,0.205,0.245,0.149,0.297,0.215,0.251,0.152,0.269,0.204,0.248,0.0597826086956522,0.377123442808607,0.176296296296296,0.257783312577833,0.087,0.059,0.063,0.063,0.117053481331988,0.117234468937876,0.115853658536585,0.111334002006018,0.122,0.195,0.14,0.192
0.2,"none","none",0.2,0.279503105590062,0.996,0.641641641641642,0.937813440320963,0.294236602628918,0.831831831831832,0.37875751503006,0.627883650952859,0.484464902186421,0.975,0.702702702702703,0.894,0.322,0.967,0.663,0.896,0.212,0.769,0.423,0.621,0.255,0.815,0.505,0.703,0.272727272727273,0.903807615230461,0.450106157112527,0.71225937183384,0.518,1,0.899,0.996,0.451158106747231,0.992985971943888,0.8,0.964859437751004,0.481,0.755,0.799,0.861
0.5,"none","none",0.2,0.862903225806452,1,1,1,0.819738167170191,0.999,0.921608040201005,0.993,0.863590772316951,1,0.999,1,0.795,1,0.994,1,0.471,1,0.877,0.992,0.578,1,0.91,0.994,0.654713114754098,1,0.972972972972973,1,0.984,1,1,1,0.969666329625885,1,1,1,0.738,0.997,0.795,0.964
0.8,"none","none",0.2,0.961923847695391,1,1,1,0.981963927855711,1,0.996990972918756,1,0.99,1,1,1,0.956,1,1,1,0.706,1,0.993,1,0.795,1,0.997,1,0.947947947947948,1,1,1,1,1,1,1,0.998985801217039,1,1,1,0.887,1,1,1
0,"none","none",0.4,0.0340788072417465,0.012,0.0120361083249749,0.013,0.0563947633434038,0.017,0.016,0.012,0.538167938931298,0.991,0.782828282828283,0.925,0.197,0.294,0.284,0.315,0.182,0.331,0.29,0.346,0.18,0.323,0.281,0.323,0.232995658465991,0.915831663326653,0.543039319872476,0.77834008097166,0.086,0.052,0.059,0.046,0.106425702811245,0.192,0.0930930930930931,0.131,0.139,0.239,0.193,0.24
0.2,"none","none",0.4,0.133265513733469,0.74,0.231,0.522,0.163490471414243,0.416,0.19,0.308,0.685897435897436,1,0.927,0.998,0.266,0.728,0.432,0.623,0.218,0.544,0.313,0.467,0.255,0.604,0.375,0.525,0.440281030444965,0.996,0.773700305810398,0.953,0.276,0.988,0.604,0.885,0.232,0.773,0.467467467467467,0.696,0.27,0.679,0.49,0.638
0.5,"none","none",0.4,0.54864593781344,1,0.92,1,0.531062124248497,0.978,0.691,0.883,0.922768304914744,1,0.998,1,0.524,0.995,0.885,0.98,0.315,0.917,0.631,0.827,0.407,0.937,0.701,0.876,0.741573033707865,1,0.987,1,0.89,1,0.999,1,0.81608040201005,1,0.978,1,0.563,0.856,0.664,0.774
0.8,"none","none",0.4,0.827,1,0.996,1,0.843,0.998,0.914,0.987,0.992,1,1,1,0.785,1,0.993,1,0.499,0.999,0.868,0.977,0.581,0.999,0.9,0.986,0.93687374749499,1,1,1,0.997,1,1,1,0.985943775100402,1,1,1,0.752,1,0.957,0.995
0,"med","none",0,0.011037527593819,0.00112359550561798,0.00732217573221757,0.00211864406779661,0.0232323232323232,0.00447928331466965,0.0125130344108446,0.00633579725448786,0.0179372197309417,0.005,0.0112359550561798,0.00700700700700701,0.053,0.081,0.053,0.07,0.062,0.15,0.072,0.115,0.062,0.151,0.074,0.114,0.00749063670411985,0.00495049504950495,0.0115942028985507,0.0113636363636364,0.048,0.139,0.063,0.1,0.0442655935613682,0.0891783567134269,0.0364741641337386,0.0728008088978766,0.022,0.089,0.036,0.059
0.2,"med","none",0,0.330284552845528,0.994505494505495,0.727554179566563,0.961904761904762,0.319105691056911,0.753260869565217,0.357438016528926,0.549206349206349,0.108870967741935,0.254,0.166,0.196,0.385,0.999,0.853,0.984,0.125,0.739,0.296,0.559,0.193,0.815,0.392,0.649,0.0644007155635063,0.13371266002845,0.0956239870340357,0.104037267080745,0.916,1,1,1,0.821392532795156,1,1,1,0.843,0.789,0.893,0.829
0.5,"med","none",0,0.763104838709677,0.99780701754386,0.959835221421215,0.985185185185185,0.917338709677419,0.995614035087719,0.949588477366255,0.973544973544973,0.744,1,0.987,1,0.907,1,1,1,0.485,1,0.921,0.999,0.586,1,0.945,1,0.487394957983193,1,0.88988988988989,0.99,1,1,1,1,1,1,1,1,0.782,1,0.991,1
0.8,"med","none",0,0.969543147208122,1,0.997944501541624,0.998971193415638,0.991878172588832,1,0.998972250770812,1,0.985,1,1,1,0.988,1,1,1,0.821,1,1,1,0.868,1,1,1,0.915915915915916,1,0.999,1,1,1,1,1,1,1,1,1,0.973,1,1,1
0,"med","none",0.2,0.013555787278415,0,0,0.00100401606425703,0.0231854838709677,0,0.00201207243460765,0.00100401606425703,0.130434782608696,0.247,0.185185185185185,0.221,0.11,0.287,0.179,0.228,0.115,0.348,0.212,0.279,0.119,0.342,0.205,0.268,0.0685840707964602,0.102325581395349,0.118353344768439,0.122611464968153,0.087,0.147,0.075,0.104,0.0871743486973948,0.095,0.067,0.095,0.086,0.155,0.104,0.132
0.2,"med","none",0.2,0.112676056338028,0.560120240480962,0.215291750503018,0.396188565697091,0.136683417085427,0.133133133133133,0.0966767371601208,0.0901803607214429,0.293762575452716,0.843,0.493,0.708,0.208,0.863,0.483,0.719,0.125,0.411,0.255,0.317,0.16,0.482,0.305,0.386,0.164574616457462,0.564315352697095,0.279855247285887,0.43592552026287,0.677,1,0.97,1,0.506506506506507,1,0.872872872872873,0.984,0.498,0.681,0.835,0.773
0.5,"med","none",0.2,0.593593593593594,1,0.883650952858576,0.989969909729188,0.718718718718719,0.859,0.645937813440321,0.709127382146439,0.812,1,0.979,1,0.741,1,0.993,1,0.358,0.989,0.731,0.91,0.446,0.996,0.786,0.927,0.565036420395421,1,0.907723169508526,0.998,0.996,1,1,1,0.97752808988764,1,1,1,0.703,0.996,0.858,0.977
0.8,"med","none",0.2,0.916666666666667,1,0.984984984984985,0.998998998998999,0.978915662650602,1,0.990990990990991,0.995995995995996,0.992,1,1,1,0.965,1,1,1,0.688,1,0.97,1,0.762,1,0.985,1,0.923923923923924,1,1,1,1,1,1,1,1,1,1,1,0.922,1,1,1
0,"med","none",0.4,0,0,0.001,0,0.015015015015015,0,0.003,0,0.393814432989691,0.928,0.594,0.805,0.14,0.355,0.28,0.315,0.157,0.387,0.316,0.353,0.148,0.366,0.308,0.327,0.193989071038251,0.695519348268839,0.369284876905041,0.5,0.069,0.1,0.066,0.083,0.061,0.118,0.065,0.083,0.092,0.187,0.144,0.156
0.2,"med","none",0.4,0.0500500500500501,0.055,0.039,0.046,0.068,0.036,0.038,0.029,0.584507042253521,0.999,0.87,0.988,0.155,0.443,0.277,0.344,0.149,0.342,0.268,0.275,0.177,0.388,0.305,0.312,0.342592592592593,0.965,0.600206611570248,0.868473895582329,0.368,0.996,0.768,0.961,0.255,0.663,0.429,0.538,0.21,0.657,0.471,0.629
0.5,"med","none",0.4,0.28,0.932,0.496,0.76,0.361,0.581,0.299,0.421,0.878,1,0.996,1,0.407,0.986,0.81,0.936,0.227,0.746,0.416,0.586,0.275,0.787,0.484,0.645,0.62589928057554,1,0.955,0.997,0.934,1,1,1,0.826787512588117,1,0.988,1,0.534,0.871,0.656,0.734
0.8,"med","none",0.4,0.6,0.996,0.811,0.98,0.77,0.843,0.694,0.751,0.991,1,1,1,0.741,1,0.992,1,0.387,0.997,0.773,0.928,0.479,0.997,0.826,0.949,0.904714142427282,1,0.999,1,0.999,1,1,1,0.988955823293173,1,1,1,0.756,1,0.972,0.993
0,"high","none",0,0.00840336134453781,0,0.00205128205128205,0,0.00710659898477157,0.00110619469026549,0.00102774922918808,0.00217627856365615,0.018539976825029,0.001,0.0100300902708124,0.004,0.072,0.316,0.12,0.21,0.096,0.412,0.178,0.287,0.097,0.412,0.178,0.288,0.00649350649350649,0,0.0153256704980843,0.00520833333333333,0.08,0.404,0.127,0.232,0.0490981963927856,0.179179179179179,0.0675403225806452,0.0932798395185557,0.045,0.233,0.058,0.116
0.2,"high","none",0,0.184661957618567,0.961620469083156,0.452674897119342,0.74869109947644,0.251261352169526,0.251298026998962,0.157349896480331,0.154244306418219,0.093186372745491,0.155,0.114,0.115,0.321,0.998,0.745,0.959,0.094,0.389,0.178,0.26,0.136,0.481,0.24,0.341,0.0721247563352826,0.0843373493975904,0.0850277264325323,0.083955223880597,0.96,1,1,1,0.853853853853854,1,0.998991935483871,1,0.858,0.792,0.877,0.759
0.5,"high","none",0,0.729838709677419,0.994640943193998,0.866735537190083,0.972660357518402,0.940524193548387,0.973175965665236,0.943181818181818,0.947368421052632,0.718,1,0.975,1,0.922,1,1,1,0.501,1,0.887,0.989,0.578,1,0.922,0.996,0.460887949260042,1,0.839034205231388,0.986,1,1,1,1,1,1,1,1,0.804,1,0.992,1
0.8,"high","none",0,0.975560081466395,1,0.997950819672131,1,0.995926680244399,1,0.998975409836066,0.998965873836608,0.993,1,1,1,0.994,1,1,1,0.825,1,1,1,0.877,1,1,1,0.917917917917918,1,1,1,1,1,1,1,1,1,1,1,0.977,1,1,1
0,"high","none",0.2,0.00407331975560081,0,0,0,0.00402010050251256,0,0,0,0.106723585912487,0.147,0.096,0.117,0.153,0.453,0.265,0.346,0.171,0.503,0.313,0.398,0.17,0.499,0.309,0.395,0.0609243697478992,0.0735849056603774,0.06640625,0.0821917808219178,0.105,0.3,0.133,0.196,0.0770770770770771,0.057,0.0602409638554217,0.058,0.082,0.134,0.103,0.112
0.2,"high","none",0.2,0.0720720720720721,0.1312625250501,0.0734406438631791,0.114343029087262,0.0980980980980981,0.00800800800800801,0.027190332326284,0.0170682730923695,0.278836509528586,0.754,0.401,0.576,0.195,0.747,0.365,0.534,0.146,0.304,0.227,0.248,0.172,0.35,0.266,0.286,0.142011834319527,0.423982869379015,0.216883116883117,0.311059907834101,0.743,1,0.997,1,0.542542542542543,1,0.884,0.99,0.507,0.617,0.818,0.752
0.5,"high","none",0.2,0.488488488488488,0.96,0.633901705115346,0.83983983983984,0.713713713713714,0.458,0.521608040201005,0.42042042042042,0.752,1,0.993,0.999,0.75,1,0.991,1,0.341,0.972,0.678,0.885,0.403,0.98,0.73,0.91,0.464171122994652,1,0.866,0.985,1,1,1,1,0.991861648016277,1,1,1,0.719,0.998,0.888,0.983
0.8,"high","none",0.2,0.905717151454363,1,0.95271629778672,0.991,0.978936810431294,1,0.990945674044266,0.998,0.994,1,1,1,0.977,1,1,1,0.654,1,0.976,1,0.733,1,0.984,1,0.91,1,0.999,1,1,1,1,1,1,1,1,1,0.934,1,0.998,1
0,"high","none",0.4,0.00201207243460765,0,0,0,0.01001001001001,0,0.002,0,0.326864147088866,0.897,0.539,0.737,0.189,0.526,0.314,0.419,0.202,0.531,0.331,0.434,0.204,0.516,0.319,0.412,0.191111111111111,0.590299277605779,0.282082324455206,0.412972972972973,0.098,0.184,0.085,0.121,0.0740740740740741,0.073,0.034,0.047,0.1,0.187,0.141,0.163
0.2,"high","none",0.4,0.017017017017017,0.003,0.006,0.001,0.051,0.006,0.017,0.005,0.508,0.997,0.822,0.962,0.157,0.325,0.231,0.308,0.199,0.362,0.281,0.339,0.208,0.391,0.296,0.369,0.267622461170848,0.928928928928929,0.545647558386412,0.772635814889336,0.395,0.998,0.821,0.985,0.261,0.714,0.391,0.517,0.206,0.681,0.425,0.635
0.5,"high","none",0.4,0.194583751253761,0.572,0.209,0.338,0.318956870611836,0.282,0.153,0.181,0.848,1,0.995,1,0.396,0.986,0.761,0.924,0.225,0.632,0.401,0.52,0.283,0.688,0.461,0.579,0.606918238993711,1,0.934,0.997,0.955,1,1,1,0.828140703517588,1,0.993993993993994,1,0.522,0.871,0.63,0.739
0.8,"high","none",0.4,0.545545545545546,0.914,0.57,0.738,0.765765765765766,0.606,0.638,0.574,0.979,1,1,1,0.786,1,0.99,1,0.407,0.982,0.762,0.922,0.489,0.985,0.825,0.952,0.869739478957916,1,1,1,1,1,1,1,0.992936427850656,1,1,1,0.746,0.999,0.969,0.995
0,"none","med",0,0.206163655685441,0.839130434782609,0.435765673175745,0.684759916492693,0.0851926977687627,0.0205405405405405,0.0318602261048304,0.0355648535564854,0.0649350649350649,0.056,0.0452261306532663,0.041,0.103,0.609,0.235,0.424,0.049,0.06,0.059,0.047,0.069,0.089,0.078,0.065,0.0364963503649635,0.0712830957230143,0.0294117647058824,0.0513307984790875,0.494,1,0.93,0.998,0.336713995943205,0.832420591456736,0.559358288770053,0.698360655737705,0.39,0.994,0.854,0.984
0.2,"none","med",0,0.760621761658031,0.997226074895978,0.967069154774973,0.994047619047619,0.746113989637306,0.975609756097561,0.858552631578947,0.933884297520661,0.405811623246493,0.984,0.716,0.905,0.825,1,1,1,0.3,1,0.792,0.974,0.429,1,0.86,0.985,0.267622461170848,0.93993993993994,0.522058823529412,0.773185483870968,0.997,1,1,1,0.956878850102669,1,1,1,0.859,0.999,0.799,0.966
0.5,"none","med",0,0.940162271805274,1,0.99792531120332,0.99890590809628,0.984787018255578,1,1,1,0.947,1,1,1,0.982,1,1,1,0.688,1,0.995,1,0.784,1,0.999,1,0.821105527638191,1,1,1,1,1,1,1,1,1,1,1,0.887,1,1,1
0.8,"none","med",0,0.991943605236657,1,1,1,0.998992950654582,1,0.998973305954825,1,0.998,1,1,1,0.994,1,1,1,0.875,1,1,1,0.919,1,1,1,0.977,1,1,1,1,1,1,1,1,1,1,1,0.989,1,1,1
0,"none","med",0.2,0.267893660531697,0.619,0.324974924774323,0.465,0.203665987780041,0.004,0.0652610441767068,0.023,0.399193548387097,0.978,0.708,0.898,0.379,0.773,0.553,0.661,0.203,0.407,0.346,0.388,0.262,0.476,0.409,0.455,0.243243243243243,0.891675025075226,0.456751054852321,0.726443768996961,0.618,1,0.942,1,0.489816700610998,0.949,0.65055387713998,0.816,0.488,0.641,0.63,0.682
0.2,"none","med",0.2,0.669362992922144,1,0.918346774193548,0.993975903614458,0.662955465587045,0.566,0.591733870967742,0.549648946840522,0.749,1,0.981,1,0.774,1,0.981,0.999,0.34,0.962,0.728,0.912,0.435,0.97,0.808,0.939,0.525052192066806,1,0.896378269617706,0.993,0.979,1,1,1,0.91683569979716,1,0.998950682056663,1,0.693,0.956,0.748,0.915
0.5,"none","med",0.2,0.88643216080402,1,0.984879032258065,1,0.947791164658635,0.995991983967936,0.970766129032258,0.988977955911824,0.972,1,1,1,0.965,1,1,1,0.564,1,0.948,0.999,0.665,1,0.973,1,0.86258776328987,1,1,1,1,1,1,1,0.998972250770812,1,1,1,0.796,1,0.993,1
0.8,"none","med",0.2,0.964824120603015,1,0.998994974874372,1,0.991967871485944,1,1,1,0.998,1,1,1,0.993,1,1,1,0.751,1,0.996,1,0.831,1,0.998,1,0.98,1,1,1,1,1,1,1,1,1,1,1,0.966,1,1,1
0,"none","med",0.4,0.171342685370741,0.061,0.089,0.042,0.152304609218437,0,0.013,0,0.833,1,0.992,1,0.331,0.677,0.44,0.548,0.196,0.378,0.325,0.361,0.248,0.435,0.373,0.415,0.622406639004149,1,0.948948948948949,1,0.515,1,0.893,0.992,0.349699398797595,0.882,0.466,0.699,0.307,0.437,0.403,0.433
0.2,"none","med",0.4,0.444889779559118,0.814,0.472,0.679,0.465465465465465,0.066,0.181,0.06,0.936,1,1,1,0.597,0.987,0.836,0.953,0.294,0.784,0.541,0.684,0.374,0.834,0.611,0.747,0.782608695652174,1,0.993,1,0.904,1,1,1,0.777665995975855,1,0.97592778335005,1,0.498,0.851,0.646,0.738
0.5,"none","med",0.4,0.731193580742227,0.998,0.9,0.981,0.802407221664995,0.741,0.776,0.713,0.983,1,1,1,0.867,0.999,0.983,0.997,0.433,0.983,0.833,0.936,0.539,0.987,0.883,0.955,0.921765295887663,1,1,1,0.996,1,1,1,0.979736575481256,1,1,1,0.79,0.998,0.95,0.987
0.8,"none","med",0.4,0.874,1,0.95,0.995,0.944,0.991,0.982,0.98,1,1,1,1,0.955,1,1,1,0.568,0.997,0.93,0.994,0.684,0.998,0.956,0.996,0.986,1,1,1,1,1,1,1,0.998988877654196,1,1,1,0.931,1,0.996,1
0,"med","med",0,0.0495449949443883,0.0867178924259056,0.0556127703398558,0.065450643776824,0.0910010111223458,0.00108813928182807,0.013347022587269,0.00106609808102345,0.01001001001001,0,0.003,0.001,0.102,0.628,0.27,0.407,0.123,0.469,0.203,0.315,0.128,0.469,0.206,0.315,0.0202702702702703,0,0.0167597765363128,0,0.848,1,1,1,0.580321285140562,1,0.931422722620266,0.996969696969697,0.63,0.733,0.957,0.884
0.2,"med","med",0,0.356192425793245,0.943329397874852,0.468220338983051,0.714937286202965,0.682702149437052,0.586088939566705,0.682154171066526,0.568207440811725,0.162,0.365,0.192,0.296,0.806,1,0.995,1,0.15,0.818,0.39,0.634,0.208,0.881,0.49,0.723,0.0980066445182724,0.193298969072165,0.133640552995392,0.168523676880223,1,1,1,1,0.987551867219917,1,1,1,0.814,1,0.798,0.985
0.5,"med","med",0,0.858442871587462,0.997780244173141,0.93312434691745,0.984978540772532,0.979777553083923,0.998895027624309,0.991640543364681,0.997854077253219,0.798,1,0.99,1,0.984,1,1,1,0.582,1,0.962,0.998,0.654,1,0.974,1,0.576642335766423,1,0.929,0.997,1,1,1,1,1,1,1,1,0.812,1,1,1
0.8,"med","med",0,0.985887096774194,1,0.997955010224949,1,0.996975806451613,1,1,1,0.995,1,1,1,0.994,1,1,1,0.834,1,1,1,0.887,1,1,1,0.95,1,0.999,1,1,1,1,1,1,1,1,1,0.984,1,1,1
0,"med","med",0.2,0.108108108108108,0.023,0.0514112903225806,0.0270541082164329,0.198396793587174,0,0.028169014084507,0.002002002002002,0.163,0.403,0.251,0.335,0.359,0.691,0.486,0.596,0.158,0.318,0.247,0.303,0.195,0.354,0.281,0.346,0.0941385435168739,0.201058201058201,0.126506024096386,0.181021897810219,0.814,1,1,1,0.628024193548387,1,0.914400805639476,0.998998998998999,0.582,0.461,0.674,0.635
0.2,"med","med",0.2,0.377800407331976,0.725175526579739,0.414141414141414,0.572004028197382,0.665647298674822,0.132264529058116,0.462701612903226,0.254527162977867,0.442,0.97,0.726,0.911,0.737,1,0.969,0.997,0.263,0.81,0.473,0.697,0.326,0.85,0.547,0.759,0.230579531442663,0.833500501504513,0.439784946236559,0.633502538071066,0.998,1,1,1,0.971904266389178,1,1,1,0.694,0.95,0.725,0.91
0.5,"med","med",0.2,0.780684104627767,0.952952952952953,0.76845298281092,0.863453815261044,0.954682779456193,0.888888888888889,0.954499494438827,0.913654618473896,0.859,1,0.996,1,0.94,1,1,1,0.465,0.998,0.867,0.984,0.538,0.999,0.909,0.988,0.599795291709314,1,0.955911823647295,0.997,1,1,1,1,1,1,1,1,0.796,0.999,0.985,1
0.8,"med","med",0.2,0.965897693079238,1,0.985929648241206,0.997997997997998,0.992978936810431,1,1,1,0.994,1,1,1,0.988,1,1,1,0.737,1,0.987,1,0.807,1,0.992,1,0.936936936936937,1,1,1,1,1,1,1,1,1,1,1,0.958,1,1,1
0,"med","med",0.4,0.073,0,0.009,0,0.138,0,0.003,0,0.582,1,0.859,0.983,0.287,0.435,0.345,0.398,0.203,0.338,0.258,0.312,0.227,0.37,0.304,0.352,0.338372093023256,0.964,0.575129533678757,0.854709418837675,0.594,1,0.953,1,0.375125376128385,0.996,0.623,0.918,0.298,0.483,0.445,0.483
0.2,"med","med",0.4,0.269539078156313,0.051,0.119,0.063,0.414829659318637,0.001,0.137,0.02,0.777,1,0.982,1,0.546,0.971,0.793,0.912,0.24,0.599,0.403,0.531,0.295,0.658,0.48,0.593,0.507543103448276,1,0.856281407035176,0.986,0.948,1,1,1,0.76369168356998,1,0.994887525562372,1,0.501,0.79,0.63,0.695
0.5,"med","med",0.4,0.590772316950853,0.6,0.455,0.469,0.795386158475426,0.313,0.659,0.478,0.946,1,1,1,0.826,1,0.977,0.998,0.402,0.965,0.759,0.896,0.466,0.977,0.795,0.925,0.762865792129163,1,0.998,1,1,1,1,1,0.981481481481482,1,1,1,0.753,0.996,0.932,0.985
0.8,"med","med",0.4,0.792168674698795,0.912,0.79,0.822,0.939759036144578,0.919,0.951,0.937,0.998,1,1,1,0.938,1,0.998,1,0.519,0.999,0.903,0.987,0.603,0.999,0.933,0.993,0.938877755511022,1,1,1,1,1,1,1,1,1,1,1,0.909,1,0.994,1
0,"high","med",0,0.0170682730923695,0.00326441784548422,0.00818833162743091,0.00745473908413206,0.100401606425703,0.00434782608695652,0.0204290091930541,0.0159235668789809,0.008,0,0.002,0,0.147,0.711,0.316,0.56,0.189,0.784,0.378,0.56,0.191,0.784,0.378,0.56,0.0199203187250996,0,0.018348623853211,0,0.949,1,1,1,0.689,1,0.986868686868687,1,0.757,0.485,0.936,0.718
0.2,"high","med",0,0.300720906282183,0.598654708520179,0.243928194297782,0.33112582781457,0.70442842430484,0.739524348810872,0.715189873417722,0.681868743047831,0.109,0.191,0.124,0.143,0.828,1,0.999,1,0.16,0.636,0.294,0.447,0.21,0.707,0.381,0.531,0.0775193798449612,0.11660777385159,0.0783938814531549,0.0942028985507246,1,1,1,1,0.986514522821577,1,1,1,0.829,1,0.796,0.978
0.5,"high","med",0,0.859311740890688,0.981501632208923,0.901030927835052,0.951527924130664,0.982793522267207,0.996735582154516,0.994845360824742,0.994742376445847,0.73,1,0.977,1,0.985,1,1,1,0.561,1,0.947,0.994,0.644,1,0.96,0.998,0.495717344753747,1,0.85871743486974,0.99,1,1,1,1,1,1,1,1,0.818,1,1,1
0.8,"high","med",0,0.989868287740628,0.998938428874735,0.998973305954825,1,0.996960486322188,1,0.998974358974359,1,0.991,1,1,1,0.995,1,1,1,0.828,1,0.996,1,0.882,1,0.999,1,0.920762286860582,1,0.999,1,1,1,1,1,1,1,1,1,0.99,1,1,1
0,"high","med",0.2,0.0753768844221105,0.001,0.0251256281407035,0.00501002004008016,0.214285714285714,0,0.0391959798994975,0.00901803607214429,0.113,0.179,0.148,0.17,0.345,0.689,0.479,0.594,0.182,0.392,0.279,0.338,0.203,0.412,0.295,0.355,0.0742971887550201,0.100185528756957,0.0883534136546185,0.0900195694716243,0.842,1,1,1,0.642424242424242,1,0.962814070351759,0.998998998998999,0.552,0.471,0.672,0.585
0.2,"high","med",0.2,0.345070422535211,0.278836509528586,0.213855421686747,0.21875,0.659959758551308,0.253761283851555,0.530120481927711,0.285282258064516,0.324,0.891,0.553,0.795,0.735,0.998,0.95,0.994,0.225,0.706,0.429,0.585,0.276,0.761,0.486,0.637,0.187323943661972,0.58195020746888,0.29739336492891,0.454642475987193,0.999,1,1,1,0.975890985324948,1,1,1,0.73,0.957,0.744,0.882
0.5,"high","med",0.2,0.769153225806452,0.788577154308617,0.678391959798995,0.698795180722892,0.952620967741935,0.902805611222445,0.968844221105528,0.931726907630522,0.807,1,0.987,1,0.952,1,1,1,0.44,0.999,0.838,0.973,0.526,0.999,0.887,0.985,0.541052631578947,1,0.897,0.997,1,1,1,1,0.998936170212766,1,1,1,0.777,1,0.987,0.999
0.8,"high","med",0.2,0.94758064516129,1,0.982914572864322,0.991983967935872,0.990927419354839,1,0.998994974874372,1,0.991,1,1,1,0.982,1,1,1,0.711,1,0.988,0.999,0.791,1,0.991,1,0.906906906906907,1,1,1,1,1,1,1,1,1,1,1,0.943,1,1,1
0,"high","med",0.4,0.0820820820820821,0,0.001,0,0.147147147147147,0,0.004,0,0.48,0.988,0.799,0.941,0.269,0.457,0.295,0.404,0.2,0.365,0.293,0.34,0.232,0.389,0.322,0.371,0.259351620947631,0.853977844914401,0.452508004268943,0.687943262411348,0.649,1,0.962,0.999,0.388104838709677,0.998,0.744,0.966,0.305,0.437,0.437,0.47
0.2,"high","med",0.4,0.284136546184739,0.011,0.064,0.011,0.459839357429719,0.001,0.146,0.019,0.686,1,0.936,0.995,0.566,0.975,0.749,0.883,0.254,0.557,0.385,0.445,0.303,0.618,0.436,0.504,0.414394765539804,0.992,0.755849440488301,0.955911823647295,0.952,1,1,1,0.807770961145194,1,0.992708333333333,1,0.54,0.782,0.619,0.658
0.5,"high","med",0.4,0.560560560560561,0.194,0.352352352352352,0.243,0.788788788788789,0.286,0.666666666666667,0.486,0.905,1,0.999,1,0.831,1,0.983,0.993,0.375,0.946,0.703,0.898,0.449,0.958,0.756,0.922,0.692622950819672,1,0.974974974974975,1,0.999,1,1,1,0.982492276004119,1,1,1,0.748,0.994,0.91,0.979
0.8,"high","med",0.4,0.770770770770771,0.706,0.771,0.706,0.921921921921922,0.891,0.939,0.943,0.989,1,1,1,0.924,1,0.999,1,0.479,0.998,0.886,0.992,0.574,0.999,0.927,0.993,0.913913913913914,1,1,1,1,1,1,1,0.998986828774063,1,1,1,0.896,1,0.995,0.999
0,"none","high",0,0.320564516129032,0.946607341490545,0.653374233128834,0.86221743810549,0.397578203834511,0.791011235955056,0.578622816032888,0.597613882863341,0.048048048048048,0.059,0.048,0.052,0.335,0.998,0.819,0.973,0.043,0.052,0.061,0.055,0.057,0.067,0.069,0.066,0.0588235294117647,0.0732177263969171,0.0569259962049336,0.0675944333996024,0.974,1,1,1,0.808205128205128,1,0.97972972972973,1,0.895,0.483,0.823,0.516
0.2,"none","high",0,0.720806794055202,0.993485342019544,0.942372881355932,0.987951807228916,0.914103923647932,1,0.992134831460674,0.997347480106101,0.495,0.998,0.856,0.982,0.968,1,1,1,0.299,0.996,0.745,0.959,0.404,0.999,0.827,0.979,0.32955832389581,0.988,0.705465587044534,0.915,1,1,1,1,0.970863683662851,1,1,1,0.722,1,0.962,0.999
0.5,"none","high",0,0.969481180061038,0.998849252013809,0.997892518440464,1,0.991861648016277,1,1,1,0.98,1,1,1,0.997,1,1,1,0.717,1,0.992,1,0.796,1,0.995,1,0.866733466933868,1,0.999,1,1,1,1,1,1,1,1,1,0.939,1,1,1
0.8,"none","high",0,0.995975855130785,1,1,1,0.997987927565392,1,1,1,0.998,1,1,1,0.995,1,1,1,0.853,1,0.999,1,0.891,1,1,1,0.989,1,1,1,1,1,1,1,1,1,1,1,0.996,1,1,1
0,"none","high",0.2,0.473630831643002,0.575575575575576,0.44954128440367,0.475327291037261,0.605476673427992,0.054,0.386178861788618,0.15346038114343,0.578,1,0.888,0.991,0.697,0.988,0.837,0.948,0.236,0.556,0.406,0.511,0.309,0.628,0.498,0.57,0.354555433589462,0.994,0.700707785642063,0.934,0.945,1,1,1,0.798969072164949,1,0.978125,0.998982706002035,0.592,0.706,0.675,0.646
0.2,"none","high",0.2,0.768218623481781,0.99197592778335,0.895055499495459,0.948795180722892,0.901821862348178,0.84984984984985,0.942424242424242,0.890562248995984,0.863,1,0.997,1,0.945,1,0.995,1,0.401,0.985,0.792,0.938,0.487,0.993,0.846,0.957,0.647179487179487,1,0.964964964964965,0.999,1,1,1,1,0.977272727272727,1,1,1,0.713,0.998,0.949,0.985
0.5,"none","high",0.2,0.92618806875632,1,0.968937875751503,0.994,0.980788675429727,0.999,0.998997995991984,1,0.99,1,1,1,0.988,1,1,1,0.581,1,0.942,0.996,0.673,1,0.967,0.999,0.916916916916917,1,1,1,1,1,1,1,0.998963730569948,1,1,1,0.885,1,0.998,1
0.8,"none","high",0.2,0.980885311871227,1,0.997991967871486,1,0.995975855130785,1,1,1,0.998,1,1,1,0.993,1,1,1,0.768,1,0.995,1,0.835,1,0.996,1,0.99,1,1,1,1,1,1,1,1,1,1,1,0.979,1,1,1
0,"none","high",0.4,0.37625754527163,0.051,0.144,0.103,0.447686116700201,0.001,0.134,0.02,0.933,1,1,1,0.579,0.966,0.774,0.883,0.266,0.584,0.428,0.497,0.327,0.642,0.503,0.568,0.762575452716298,1,0.995,1,0.886,1,1,1,0.681174089068826,1,0.972699696663296,1,0.49,0.759,0.643,0.658
0.2,"none","high",0.4,0.67703109327984,0.61,0.509018036072144,0.543,0.790160642570281,0.197,0.560560560560561,0.357,0.975,1,1,1,0.843,1,0.943,0.99,0.392,0.91,0.695,0.82,0.476,0.926,0.752,0.85,0.865865865865866,1,0.998,1,0.995,1,1,1,0.937755102040816,1,1,1,0.736,0.988,0.866,0.938
0.5,"none","high",0.4,0.820820820820821,0.967,0.838,0.898,0.914914914914915,0.91,0.939,0.914,0.998,1,1,1,0.948,1,0.999,1,0.501,0.991,0.881,0.973,0.598,0.993,0.914,0.98,0.966,1,1,1,1,1,1,1,0.996923076923077,1,1,1,0.877,1,0.991,0.997
0.8,"none","high",0.4,0.918756268806419,0.995,0.97,0.982,0.972918756268806,0.998,0.998,0.995,1,1,1,1,0.974,1,1,1,0.576,0.999,0.937,0.997,0.66,0.999,0.966,0.998,0.993,1,1,1,1,1,1,1,1,1,1,1,0.938,1,0.997,1
0,"med","high",0,0.116161616161616,0.0849673202614379,0.0774719673802243,0.0640083945435467,0.462626262626263,0.919389978213508,0.674821610601427,0.834207764952781,0.004,0,0,0.001,0.615,1,0.952,0.996,0.143,0.381,0.191,0.283,0.149,0.381,0.193,0.283,0.00427350427350427,0,0,0,0.999,1,1,1,0.952033368091762,1,1,1,0.925,0.854,0.616,0.651
0.2,"med","high",0,0.502548419979613,0.788146279949559,0.539544962080173,0.631090487238979,0.90519877675841,1,0.979414951245937,0.995359628770302,0.155,0.409,0.233,0.293,0.957,1,1,1,0.228,0.903,0.495,0.746,0.293,0.943,0.577,0.81,0.0889261744966443,0.193717277486911,0.122962962962963,0.160056657223796,1,1,1,1,0.995670995670996,1,1,1,0.736,1,0.923,0.999
0.5,"med","high",0,0.89989888776542,0.995584988962472,0.955394190871369,0.990455991516437,0.995955510616785,1,1,0.998938428874735,0.818,1,0.986,1,0.991,1,1,1,0.614,1,0.955,1,0.688,1,0.97,1,0.578288100208768,1,0.927,0.998,1,1,1,1,1,1,1,1,0.863,1,1,1
0.8,"med","high",0,0.98989898989899,1,1,1,0.995959595959596,1,1,0.998963730569948,0.995,1,1,1,0.995,1,1,1,0.847,1,1,1,0.889,1,1,1,0.952952952952953,1,1,1,1,1,1,1,1,1,1,1,0.994,1,1,1
0,"med","high",0.2,0.344162436548223,0.0962888665997994,0.169230769230769,0.125127161749746,0.656852791878173,0.414242728184554,0.515368852459016,0.354018311291963,0.186,0.459,0.262,0.368,0.737,0.983,0.835,0.938,0.204,0.405,0.346,0.405,0.264,0.468,0.396,0.468,0.104377104377104,0.209635416666667,0.130307467057101,0.16914749661705,0.985,1,1,1,0.8840885142255,1,0.997734994337486,1,0.661,0.702,0.672,0.685
0.2,"med","high",0.2,0.61608040201005,0.612060301507538,0.509703779366701,0.506612410986775,0.908542713567839,0.924774322968907,0.946884576098059,0.92479674796748,0.444,0.991,0.763,0.943,0.933,1,0.991,1,0.305,0.947,0.637,0.836,0.365,0.959,0.689,0.876,0.227895392278954,0.884653961885657,0.477005347593583,0.695652173913043,1,1,1,1,0.994535519125683,1,1,1,0.666,0.994,0.896,0.978
0.5,"med","high",0.2,0.845226130653266,0.917917917917918,0.874873864783047,0.847695390781563,0.975879396984925,1,1,1,0.887,1,1,1,0.977,1,1,1,0.485,0.999,0.896,0.994,0.59,0.999,0.933,0.998,0.637385086823289,1,0.971,0.999,1,1,1,1,0.99893730074389,1,1,1,0.821,1,0.991,1
0.8,"med","high",0.2,0.96996996996997,1,0.991943605236657,0.996987951807229,0.996996996996997,1,1,1,0.993,1,1,1,0.987,1,1,1,0.703,1,0.988,1,0.78,1,0.994,1,0.937937937937938,1,1,1,1,1,1,1,1,1,1,1,0.962,1,1,1
0,"med","high",0.4,0.342,0,0.0790790790790791,0.015,0.509,0.002,0.178,0.037,0.627,1,0.931,0.995,0.597,0.914,0.708,0.846,0.241,0.514,0.377,0.43,0.298,0.569,0.426,0.478,0.348970251716247,0.989,0.697154471544715,0.921686746987952,0.908,1,0.999,1,0.695966907962771,1,0.983385254413292,1,0.513,0.683,0.611,0.607
0.2,"med","high",0.4,0.568844221105528,0.088,0.34034034034034,0.144,0.763819095477387,0.197,0.58958958958959,0.367,0.828,1,0.994,1,0.828,0.996,0.945,0.987,0.351,0.834,0.607,0.756,0.416,0.865,0.661,0.8,0.536231884057971,1,0.915831663326653,0.996,0.995,1,1,1,0.924947145877378,1,1,1,0.699,0.96,0.812,0.902
0.5,"med","high",0.4,0.697091273821464,0.431,0.673019057171515,0.512,0.893681043129388,0.8,0.910732196589769,0.867,0.954,1,1,1,0.922,1,0.992,1,0.442,0.994,0.806,0.947,0.536,0.995,0.856,0.964,0.771717171717172,1,0.995,1,1,1,1,1,0.992761116856256,1,1,1,0.837,1,0.972,0.997
0.8,"med","high",0.4,0.817635270541082,0.896,0.913,0.881,0.943887775551102,0.993,0.992,0.996,0.995,1,1,1,0.937,1,1,1,0.5,1,0.942,0.996,0.59,1,0.963,0.998,0.94,1,1,1,1,1,1,1,0.998983739837398,1,1,1,0.912,1,0.997,1
0,"high","high",0,0.173869346733668,0.200841219768665,0.170061099796334,0.158221302998966,0.550753768844221,0.929547844374343,0.755600814663951,0.883143743536711,0.001,0,0.001,0,0.731,1,0.986,0.999,0.129,0.508,0.21,0.343,0.14,0.508,0.212,0.343,0.00520833333333333,0,0,0,0.999,1,1,1,0.972340425531915,1,1,1,0.894,0.928,0.631,0.753
0.2,"high","high",0,0.519230769230769,0.783882783882784,0.602345415778252,0.700787401574803,0.910931174089069,0.996328029375765,0.984008528784648,0.996621621621622,0.101,0.184,0.132,0.156,0.969,1,1,1,0.216,0.852,0.428,0.658,0.267,0.887,0.511,0.726,0.0581818181818182,0.096830985915493,0.0795660036166365,0.0894160583941606,1,1,1,1,0.998897464167585,1,1,1,0.741,1,0.909,0.999
0.5,"high","high",0,0.89606458123108,0.994511525795829,0.963954685890834,0.974495217853347,0.993945509586276,1,0.998970133882595,0.99893730074389,0.775,1,0.985,1,0.991,1,1,1,0.584,1,0.957,0.996,0.641,1,0.971,0.998,0.505241090146751,1,0.891783567134269,0.993,1,1,1,1,1,1,1,1,0.809,1,0.999,1
0.8,"high","high",0,0.984909456740443,1,1,0.998947368421053,0.996981891348089,0.998911860718172,1,1,0.994,1,1,1,0.997,1,1,1,0.811,1,0.999,1,0.856,1,0.999,1,0.916916916916917,1,1,1,1,1,1,1,1,1,1,1,0.981,1,1,1
0,"high","high",0.2,0.357287449392713,0.169715447154472,0.216990788126919,0.21239837398374,0.682186234817814,0.577235772357724,0.555783009211873,0.508130081300813,0.114,0.212,0.136,0.163,0.788,0.977,0.848,0.931,0.188,0.438,0.307,0.389,0.234,0.48,0.361,0.437,0.0675944333996024,0.0967741935483871,0.082,0.0711538461538462,0.991,1,1,1,0.917547568710359,1,1,1,0.697,0.724,0.675,0.691
0.2,"high","high",0.2,0.618181818181818,0.565922920892495,0.551229508196721,0.499493414387031,0.914141414141414,0.974619289340102,0.947799385875128,0.92994923857868,0.364,0.932,0.562,0.815,0.933,1,0.988,1,0.325,0.902,0.602,0.779,0.384,0.923,0.67,0.838,0.19281914893617,0.637474541751528,0.296037296037296,0.461864406779661,1,1,1,1,0.993428258488499,1,1,1,0.706,0.987,0.885,0.975
0.5,"high","high",0.2,0.83987915407855,0.823647294589178,0.896378269617706,0.826305220883534,0.984894259818731,0.998997995991984,0.998993963782696,1,0.815,1,0.991,1,0.983,1,1,1,0.469,1,0.877,0.986,0.553,1,0.915,0.99,0.551255230125523,1,0.931931931931932,0.996,1,1,1,1,0.998938428874735,1,1,1,0.801,1,0.987,1
0.8,"high","high",0.2,0.970854271356784,1,0.996996996996997,0.996990972918756,0.996984924623116,1,1,1,0.99,1,1,1,0.988,1,1,1,0.699,1,0.984,1,0.762,1,0.989,1,0.923923923923924,1,1,1,1,1,1,1,1,1,1,1,0.961,1,1,1
0,"high","high",0.4,0.34070351758794,0.002,0.0821643286573146,0.008,0.524623115577889,0.011,0.163326653306613,0.028,0.525,0.998,0.832,0.968,0.596,0.917,0.675,0.828,0.249,0.423,0.362,0.415,0.297,0.464,0.408,0.468,0.249702734839477,0.92184368737475,0.51303441084463,0.756565656565657,0.918,1,1,1,0.743455497382199,1,0.98416050686378,1,0.536,0.627,0.569,0.609
0.2,"high","high",0.4,0.530591775325978,0.076,0.345381526104418,0.142284569138277,0.767301905717151,0.186,0.578313253012048,0.389389389389389,0.703,1,0.964,0.995,0.837,0.998,0.918,0.985,0.315,0.803,0.571,0.729,0.382,0.84,0.633,0.785,0.411637931034483,0.999,0.777777777777778,0.952952952952953,0.992,1,1,1,0.928194297782471,1,1,1,0.66,0.94,0.793,0.901
0.5,"high","high",0.4,0.71285140562249,0.335,0.673,0.512,0.914658634538153,0.823,0.917,0.863,0.94,1,0.998,1,0.941,1,0.995,1,0.415,0.982,0.77,0.944,0.489,0.986,0.819,0.96,0.685598377281947,1,0.979,1,1,1,1,1,0.994753410283316,1,1,1,0.797,1,0.968,0.993
0.8,"high","high",0.4,0.808,0.843,0.88988988988989,0.862,0.937,0.985,0.984984984984985,0.99,0.987,1,1,1,0.954,1,0.999,1,0.502,0.999,0.926,0.995,0.599,0.999,0.953,0.998,0.909819639278557,1,1,1,1,1,1,1,1,1,1,1,0.921,1,0.997,1
